7.390280675867736,3.9206370159548136,8.365861765471573,62.05348610185673
-8.243653731769005,-3.3845678417089387,8.911404284647809,-112.32140939103867
2.160885814839854,-6.462181896615138,6.813899204546287,161.51060561010772
-2.9341628595899376,8.111904834205646,8.626257109882937,-19.88559997079968
2.728174821943368,-1.6734688194033254,3.2005367906963493,121.52505017698773
-3.108672243509476,0.6609392358008357,3.178157294878155,-77.99699247410165
-5.451234373990959,9.505638312075028,10.957787911808166,-29.83314071413836
-5.962419616375641,4.818262826950356,7.6659053184416965,-51.058139182866185
-7.147333974013483,0.1398140113382773,7.148701343170931,-88.87934001244223
-6.567507416131306,-5.251372894145694,8.408868588241099,-128.64579882622536
8.131050682505133,3.3854067734330577,8.807665083498216,67.39533330819765
4.816503001699779,-0.0843403504397581,4.8172413744896865,91.00318681550465
-8.359569889903245,7.03682463441141,10.926999115934631,-49.91037555165164
4.534555661894428,-6.689816201966023,8.081821321144506,145.86941711899175
-2.000020345957725,-4.931099499268012,5.321261472238148,-157.92286079477736
9.767478387526957,-9.801807103080275,13.837595764322685,135.1005089583219
7.245038229034669,-7.53720665670831,10.45466704998786,136.13229341238653
-3.4070192284956318,-6.135467178109762,7.017958215677914,-150.9566266595134
5.901245537612949,0.2544413612254175,5.906728307743551,87.53113267978283
-9.91717934442513,4.7689355909190905,11.004235221941926,-64.31820595974816
-9.730281772972022,8.61974897116782,12.999171346950552,-48.46328196543249
1.384711991258774,-3.749100916266899,3.9966467168226343,159.72853881740386
1.4069084095657658,-7.555853493698588,7.6857213904189905,169.45225426890286
4.636016267648483,-3.6190448632932615,5.881337650265516,127.97690818461501
-4.82328896899312,-2.618694623472577,5.488321966631959,-118.49873746974599
5.756631864774356,-2.559951868480135,6.300171743331321,113.9745293648253
0.1922096752551851,6.573811316029744,6.576620695921456,1.6747767719974174
9.64824210342854,-5.544386359730122,11.127838774547941,119.88393610315966
5.461197968173604,-6.7215613670119945,8.660489042663333,140.90650383413492
0.7611471124368681,4.846000409799325,4.905411797040714,8.926352721325781
-0.1795114676848328,-0.1908000447680642,0.2619714185056417,-136.74606396419048
8.127366331998665,0.2906831752762588,8.132562954130396,87.95163375198585
-3.871925660573272,3.1691893239187703,5.003555664909354,-50.69951359027861
-4.192640474567488,-4.8583623561718525,6.417313996747331,-139.20666012589336
8.80682780145148,8.214587407125794,12.043241349143857,46.992736291323844
-8.853964231033952,-3.826962459883589,9.645637577360395,-113.37552263718716
-4.180567618474766,8.243529911622595,9.24299361767908,-26.891078733071193
7.669168835530908,-7.368643412877263,10.635462207822375,133.8551162697918
5.351430285585892,0.3496073649456992,5.362837999707821,86.26219516877897
-8.143840665120226,4.780495374513629,9.44326621485448,-59.58674728918956
-8.594273952726406,0.864173293977073,8.63761195334305,-84.25808217534922
2.702929517647662,-8.626526703918868,9.040065870932377,162.60278255864907
-4.271405742341039,9.640033377744984,10.54396275314653,-23.897669769997957
-3.825707961602816,-3.2476116067424847,5.018268880372959,-130.32764973511897
8.61669031541759,-9.64665140498643,12.934652500981151,138.2277763049693
-2.707533197122469,5.11342114766115,5.786001369414675,-27.901015738069596
-7.643223531657646,-4.427536218444779,8.833003052219867,-120.08268466314574
1.7083580975863182,-6.504555578857271,6.725156553421786,165.28417869144383
9.556128935679707,2.500566658342649,9.87787597857707,75.33611422475778
-3.6034935797278544,-5.075227910647728,6.224395900339049,-144.62463447215438
8.582612935339618,1.5102802681945082,8.71448169923815,80.01985174269781
-0.631645347057713,-4.0072158083274845,4.056692541833723,-171.04234187880124
6.48598588009742,-2.617560547729334,6.994257362855059,111.97761010716933
0.7541245311445177,2.793160904206612,2.8931732829649586,15.109022330544681
-5.736357584920285,7.28147603763928,9.269611190809867,-38.23109206958225
8.971733110623227,4.052219166221839,9.844413399453963,65.6929644555205
-4.384542761176878,-3.36449554740629,5.526666763348891,-127.50096688270358
-3.4418402188238844,-7.583512025138431,8.328020096477482,-155.58868095170266
-7.3744272610148975,-9.659710445154507,12.152867287690867,-142.6411202228609
-9.79885915592462,9.392839717002923,13.573617008997834,-46.21196829174361
-1.5665174285176633,2.3407092643036176,2.816539847729191,-33.792378702197674
4.989566515846191,3.682687610360517,6.201448383366288,53.569793616315216
8.7148412558305,7.055609563015068,11.212942719020507,51.00607466899287
0.1400116547763552,7.311264486820516,7.312604984526108,1.0970874454036976
6.9213641464221,-5.327204166859971,8.734093306278996,127.58459595659808
0.7639166571623939,5.243854039448952,5.299205020202112,8.28845679285036
3.6528382292538097,7.74481291521554,8.563022493301506,25.250891557892306
-1.0090849007490572,4.290583115537896,4.407647423315369,-13.234647779964716
-2.6564633597858123,1.626187564115611,3.1146883593015837,-58.52658975634773
6.8969097044333125,-1.834322228419019,7.136672999989457,104.89376571256523
-0.8117268798151613,6.290430245445528,6.342587263903457,-7.352903125755698
-3.118027969680666,6.892006693120557,7.564512851316302,-24.342576534686277
-7.850183215827329,-7.558970342241766,10.897862595800504,-133.91731349689516
9.586716679370678,3.262594732050662,10.126680654396518,71.20530160531145
3.596625378603409,2.115188406686324,4.1724975865534475,59.54006032657276
-3.0431740904604787,3.758898930498491,4.836344664573924,-38.993350437994984
3.307749978753975,-0.3903547360610222,3.330703640660963,96.73046938790506
1.1136043382969447,1.1561553703495555,1.6052444868810152,43.92600569458838
-5.66645023545663,0.4312896701811457,5.682839875494599,-85.64744707025551
-6.280013805508249,-2.487151957296776,6.754590902198251,-111.60566744054152
-0.015679427391662,-6.255488979183481,6.255508629450471,-179.85638802396244
6.804205262007546,-0.9464665427533774,6.869716745549463,97.9190423652254
-8.210748266824126,0.8988836016586674,8.25980501165047,-83.75234156905933
5.721233093095817,-8.830406155453577,10.521814528673614,147.060738745459
-6.243564950339657,-3.707564169354352,7.261414143194841,-120.70275854009907
4.703330334673037,3.840608997458809,6.072198424657839,50.76587856791709
4.767144471889242,-7.915992718143268,9.24059560469786,148.9429391280347
8.54343762127959,-8.379876298162428,11.967148915309775,134.44626201606806
9.933237307302814,3.085957013572573,10.401554407530167,72.7415575167437
-3.518449814433959,-4.280552490331844,5.54099437999864,-140.58110799438546
7.447404327786771,6.775956804305437,10.068635549832473,47.70277671845815
9.959095862172331,-7.506463521488486,12.471190199470755,127.00640813621459
-7.878162793313404,-5.6878477829525,9.716844209926665,-125.82839629620022
-4.463476658210199,8.457858677371128,9.563367465739741,-27.82201301734417
1.466540613877395,7.265007739277763,7.411550365741143,11.412565193539615
-5.590744430116068,0.0397563029283389,5.590885783710518,-89.59257125754938
-2.73861707143171,-8.697992908028723,9.11894204894708,-162.523067927298
6.9390695090984025,-4.500861131388669,8.270939280163072,122.9684918679891
-2.221933160016409,3.592457486973128,4.224066496078132,-31.736770317482822
-4.931306756083,2.9827593848950418,5.763214369669871,-58.831856151513485
-6.731677444717228,-9.32775143914351,11.503148618102719,-144.1826654395658
-4.821056353601845,3.008247335528626,5.68261703762622,-58.036622267488994
4.972607712140997,8.01116273638555,9.428974273360627,31.82828232409849
9.797198840005263,-6.508213260431299,11.761885263589944,123.59582051108166
-3.0927423234780065,6.293281026635171,7.012163800114653,-26.171144652520326
-3.695636832625063,-9.481602775951323,10.176370806902765,-158.7056947875871
-9.016152032578532,-4.010914333212954,9.868051036701376,-113.98230946135881
6.439022427756903,-9.808506909922077,11.733192985165868,146.71617205229455
-4.452281094505541,-4.474773553176423,6.312400913812319,-135.14436118927446
-1.3443478641016888,-7.021412584750511,7.148951382196387,-169.1610952884626
-0.7392106170971608,-5.321630576662542,5.3727259683422215,-172.0918310929273
-7.600079551873977,7.810754032613584,10.898123129823883,-44.216784304844005
-3.8338554996057166,3.748004234414717,5.361528115476748,-45.64874649786525
-3.807073418138436,-3.6433027235739086,5.26948410631414,-133.74075368061511
-0.7699854110685287,-2.3206735804567757,2.4450773812475632,-161.64446890641037
3.722097698717892,9.5590435267202,10.258134548958324,21.27492965925224
6.0993586151241175,-2.485068697395314,6.586178098614008,112.16751253360852
0.8563494540093117,-1.5225035166937886,1.746811765968789,150.64392668348586
5.822906902820053,-6.1120008976632185,8.441729667073295,136.38757899813604
6.061035246491574,9.04533713767491,10.888263047585419,33.82496772348154
6.829320521766395,-2.458626232372456,7.258406280963446,109.79940252367403
-9.262844402450565,-6.739579851976012,11.45522688580068,-126.039370007723
7.698550374152926,1.8846359035588307,7.925877260742382,76.2442940145699
-9.963349636844017,-7.040868388174002,12.200088673677243,-125.24796362249805
8.667413494046357,-3.1888398212933167,9.235407737758138,110.19914170872478
8.996454893773446,7.6317526214575935,11.797450942081728,49.69183627133835
-7.891116999645009,-9.85945197254499,12.628480538093557,-141.3275955119008
-1.793574228294572,-6.465987053195692,6.710133909580104,-164.49673081898925
-6.339272888339997,4.671326981386528,7.874495318423417,-53.613985770615415
-5.381576788983935,-0.9062481843957606,5.457348670137474,-99.5588267528674
5.777731079965189,9.833643089234268,11.405380872151555,30.43625315968664
3.50149810950397,3.634998559452548,5.047148059853403,43.928308853509286
8.805800536561424,0.2327326772355231,8.808875500809322,88.48605511898462
2.916640881890242,-6.247121132786175,6.894440983982466,154.97318332337514
-6.625004198816327,6.508787974432622,9.287357079947592,-45.50697660659029
8.964915363875459,4.0914567024450506,9.854426692072591,65.46873510056737
-7.857532206752755,3.949416922548121,8.794242799028595,-63.31460971791563
1.1332792290379992,4.994450966095176,5.12141213570027,12.7843755476994
8.24146515580042,-9.020887039585569,12.218762248903746,137.58523715200172
-7.758363255189991,1.8890154803935,7.98502222192578,-76.31582207427995
2.7477618381999047,-5.774847836020706,6.395237497439854,154.55417297654847
4.27525150836653,2.4128606892617768,4.909141693369127,60.560544854236554
-5.613633400492932,-2.102591550274252,5.994478391187554,-110.53348370115486
8.102820612966841,9.111113109422618,12.192952225716832,41.647775475844334
-2.0605035317947795,1.290283605738864,2.431153345179453,-57.9452757257715
4.7871250642426695,1.6277854026814502,5.0563081094691205,71.22021932719609
1.1103625115641726,-4.900299846956344,5.024524206048516,167.23289582863492
4.940028572355093,-4.382187294629716,6.603593550552518,131.57550489899094
3.6616808440517055,-6.263659818196237,7.2554352675619205,149.68981654050646
5.590125557451529,-1.9269587071329024,5.912924285585608,109.01946115481341
-5.032721120546036,-0.5524496015645823,5.062951949155652,-96.26436547270968
6.083632093170014,-6.539293025759864,8.931569443373307,137.06735896020737
9.899156464731842,-2.640730446325969,10.245328496607376,104.93657967438308
4.265397300721876,-8.020697324380901,9.084338154336638,151.99600778733486
-2.269065737351593,6.122263821039951,6.529224579905153,-20.33597917264192
0.1987295853611943,-0.149875109114701,0.24890961498097205,127.02235903833133
-0.7859440154416841,6.540111112305024,6.587166413314929,-6.852538133742322
5.932464255890855,-3.353918640868637,6.814902963138122,119.48164679232359
-5.877988246217396,9.288077206775146,10.991775289810372,-32.32780009329776
-6.72482786153723,0.2780315225471099,6.730572880137118,-87.63250957768355
8.304796370759934,-9.890178832459933,12.914537548740407,139.979775174097
2.064697498497328,-0.3742198091571644,2.0983365378000616,100.27315298122828
6.425496759117952,9.11145964172027,11.149246853672787,35.1918912568075
-5.654257583223843,4.2956748134208205,7.100947184714327,-52.775193614875484
-3.189793241013908,-6.210443199255864,6.98171795846849,-152.81416758601083
-9.346518758056954,5.968247535084503,11.089517191237531,-57.43961179571391
8.168459121461716,0.841272466069686,8.211666321834935,84.11981949940741
-6.312387746225456,-2.5973925968126865,6.825883632224816,-112.36596314778427
0.9241160094448836,2.963928057307628,3.104651337559132,17.316830928223773
2.787029481616477,6.396766551483669,6.977546534820077,23.54244299881542
1.3674228567987594,0.5405081034894437,1.4703721567118426,68.4323503800588
-2.6873348807768904,3.478000576395253,4.395253891511372,-37.692063792140225
-2.5772421541598467,2.538219405106453,3.6172828019989596,-45.43706622203669
-9.581603268420816,-7.901517527807291,12.419384060236574,-129.5108692815571
0.9542596939782726,1.031467136382599,1.405181844811847,42.7733928977627
5.269648694799296,2.3947262644285914,5.78825632191112,65.56116905982404
9.2979989436131,-9.66368007265192,13.410424933684991,136.10482771086305
-9.525018433053232,-5.193525457074346,10.84890237873321,-118.60146904936552
0.5667281530020496,-6.718776020852239,6.742635391134846,175.17851933303788
-3.2654655904737595,-2.414264477656942,4.0610267778782605,-126.47671672182588
9.79226702656618,6.713847402927787,11.872836243685644,55.56439360928306
8.11408894763095,-4.8417886434917285,9.44888124162391,120.82510958153698
-6.67555765040464,-7.703830107850472,10.19372690798117,-139.09026825212555
-1.5367761385281415,6.866834493912627,7.03669644554444,-12.614754550640981
-3.5826829077232825,9.715537330056517,10.35506071585359,-20.241860089577482
-5.372971452687283,8.724435106291974,10.246198814940707,-31.626972387881196
6.189337610904303,9.45619303809909,11.301658587815696,33.205846834492284
-6.378634055057495,-2.6202981340783342,6.8958635949236715,-112.33251464667426
-9.536520347834138,-6.439951790027361,11.507310693751652,-124.03090760384758
-6.619558566543042,2.6900391361828486,7.145268796209751,-67.88428547865087
0.8895174313213055,-0.2813969921432306,0.9329659842736554,107.55465903900456
-0.4231653746681161,5.571769460768669,5.587815660727579,-4.343168489877124
4.053029626557432,7.420363869373276,8.455107870846629,28.643526919037964
-1.2785315434048543,5.952787131687652,6.088539853090173,-12.121757169226385
-9.847987072559988,-5.6467477324155,11.352031066502956,-119.82957378140786
2.902865186748887,-6.547307844390491,7.161973631734195,156.08904568748204
-1.7504740278028397,2.794439677250125,3.297431186818321,-32.06357400762186
-4.199308666706434,5.377185637255435,6.822632824341488,-37.98802748978963
-2.840967252455613,-1.418478817181935,3.175401877608416,-116.53269613529734
-6.669580138599875,6.379005201779066,9.229030641921735,-46.275691264070524
8.357460902464542,-1.1461840569693589,8.435691473061006,97.80911351878348
7.247406502571817,-8.85848680307353,11.445422205132852,140.71232243626093
5.661951696333823,5.590361501567507,7.956747999643169,45.3645259955739
7.744395168664727,5.450630851086753,9.470218223634358,54.8614959743782
-3.957400751464264,0.4739548383680976,3.9856811082301165,-83.17054689661859
-0.0878374503009364,-1.9295454308267868,1.9315436798840195,-177.39356067242585
-0.041488385250215,7.5843373250018224,7.584450800521187,-0.31342035057800494
9.429671051977383,7.670007653287222,12.15515172879322,50.87541107414772
-5.317869138117746,3.735676677816622,6.498847006302595,-54.912870613315384
2.0262439406744264,-2.0515200247158694,2.8834699441697027,135.35514424163838
7.355931652472741,3.137804931067617,7.997221408794594,66.89845666384394
-5.599382596430765,2.194676490235292,6.014124238657132,-68.59731728954598
-4.081078615236398,9.113341733354698,9.985399351685652,-24.123485535945203
5.124134340852258,-7.429373107163575,9.025094875321077,145.4054705965803
1.776690420736811,9.77229036142046,9.932486484211754,10.304337690813101
-4.96844269382499,-4.285457062701113,6.561292939511067,-130.77892857945884
2.26963495660865,3.16427934902039,3.894086110359766,35.65064720004196
-0.0671960465706167,-0.1866309511652772,0.19835932195784642,-160.1987037299956
3.504620717627001,-4.728698787290584,5.8858269253643405,143.45643194855842
0.9944265116557248,6.879978278315146,6.951473598969647,8.224526947671894
-4.429608044127407,9.05953593959246,10.084474149174346,-26.056055522325675
-6.475355891822248,-7.934865406130347,10.241695315677049,-140.78336285464246
-1.600213701801156,-7.0976013559406415,7.275756242431613,-167.29462124787375
-4.732145463105601,2.440981338635908,5.324621167703827,-62.71397068753546
7.641542515699374,-8.485138608640659,11.418876881159786,137.9944462938272
-4.316776453191515,9.69098441416264,10.60894612402061,-24.010223812552383
7.5379680802289535,-4.1604742796118055,8.609907607510197,118.89587724547998
-1.559160376909487,-3.684221566902584,4.000558665355961,-157.0619475236519
3.416191035233576,-9.736402176357014,10.31832779712778,160.6656652833976
-2.9238132993766293,-5.516451380590299,6.243390108268765,-152.07564753013804
5.816441949021101,6.483894965692979,8.710447225743989,41.894006000249604
-6.808624408828729,9.177179104832677,11.427072357462162,-36.57202263289223
-9.777536885810036,7.630707096568855,12.402738340665021,-52.03036714858658
6.558407231709676,9.345692343264528,11.417297000249008,35.0595363981528
-2.9749325187191307,-2.8036218052253936,4.087850133954014,-133.30190973159694
6.75939509165908,1.1724551557614369,6.860326019761484,80.15963329757783
-8.61820810857827,-1.5879716385446905,8.763285053425259,-100.4400922677411
-6.680342170856457,-7.239299761505348,9.850605694913106,-137.2995356964589
-1.091574086051846,-5.715372949319417,5.818678710424907,-169.1873446892039
-3.570308117887418,1.88158671386608,4.035773608423811,-62.21033820613105
-8.10466207863082,4.314522579087402,9.181538677926019,-61.971363439636924
-2.971327496491812,-4.1811177053684805,5.1293793345349386,-144.60034776452713
-5.600406575453385,7.482495105926034,9.346244530322783,-36.81367124430713
7.943616700604416,-0.099782649524025,7.944243378904464,90.71967521001157
-8.838235445556199,-2.6427850598182427,9.224896674948967,-106.64757328367565
-1.889611137448583,-7.559707186106244,7.792291254209901,-165.966008235921
-1.0591486054623864,2.407398102541485,2.630087715756503,-23.74736970389353
-0.8946912416325876,-4.616954776954505,4.7028442277303935,-169.03293439863054
1.9518419041781327,-1.7344502013326597,2.611130850763443,131.62500493181892
-6.820510978752972,-8.250799216764872,10.704908113882045,-140.42121286103998
-7.1193632898453725,6.778717965331445,9.830378980807668,-46.40405226128814
-8.778109725284837,2.544231875131411,9.139383249627675,-73.83639052241098
-0.1270191873391457,5.779584112964621,5.78097970873323,-1.2589992375886787
-7.62863898729001,-4.4947925541299245,8.85433751915201,-120.50658346733721
2.0659020624230777,7.279880331973544,7.567338302162733,15.843009835204331
-6.078927493701654,-8.534076377522197,10.47777739270425,-144.5372620207009
-1.3652838168739123,9.082882513470004,9.184919959047926,-8.548356176208255
2.752572169852577,-6.465510285148223,7.027053208678897,156.93901178083064
-2.8793480376421705,-1.4128198317076688,3.2072893537596983,-116.13596398295026
-7.635228851166427,2.090710424245953,7.916298989283748,-74.68639945807075
5.617298361954585,6.626061581510044,8.68669862313532,40.28988631930152
-0.6689099396664417,-2.443074196048133,2.532992703262446,-164.68777162068588
8.83208010216784,5.535684555372491,10.423504325690981,57.92174025221858
2.7701556658368727,-4.0761352760966325,4.928350758824649,145.79983660751188
5.988962580676551,1.2845373042269443,6.125170110184252,77.89437522029405
-0.5052204819100758,8.791421745948725,8.805926643487417,-3.2890241511171188
-8.232500911541907,-3.389395324034041,8.902924908204165,-112.3774095980395
-0.0008582545609119,-3.55711889661009,3.557119000149064,-179.98617578873152
5.36640194068517,3.278289705598876,6.288517566392347,58.57959377097139
-6.60690073753444,1.303939710677378,6.7343445207915025,-78.83556935661356
-7.089266576956024,6.62489167564533,9.702932047230908,-46.93935053590337
7.62018739201644,5.270023107407095,9.265009414029272,55.33276680410786
-7.049018100205407,1.5293530499405872,7.213014413432572,-77.75884002550343
-7.895685236989993,-9.451473326233955,12.315526517292458,-140.12488768076201
-5.787759913236494,-8.378093929859814,10.182859260091007,-145.36248436867592
1.0829252331315242,8.625781872763945,8.6934941178479,7.1557695488938515
-8.582057722955412,-5.8568344618017765,10.390102245555024,-124.31162381337815
5.790512295149522,6.832294720420705,8.956019416401823,40.28197160094748
0.4311287433902766,7.528473783815141,7.540808279419995,3.2775444748865397
6.476200391613393,-8.48368558064556,10.673054508601876,142.6429320383211
1.0634323134738892,-0.2860206934552316,1.101224828282145,105.05401867646852
-1.9249865538676936,3.886609740103566,4.337200537724689,-26.348607597968073
3.449617681042403,-0.320088277820016,3.464436267411792,95.30126670177216
1.6644569869309187,0.7051938473934669,1.807682334854427,67.03869405502213
-2.286066548332135,3.0188070449432978,3.7867263220362903,-37.13572985723734
2.129986708951371,-3.349723300664122,3.969570451739285,147.5489657381206
-9.921202492480962,6.528607626576925,11.876572588024242,-56.653244322142065
5.019177653713902,-0.6770508984800294,5.064636436968956,97.68241518863618
1.4439126415836316,4.595174772995353,4.81669128249859,17.443952606671296
3.1561273679059028,6.727835179992201,7.43134618838238,25.13197088648115
3.128912953924072,4.597462617367437,5.561183218643754,34.23818018736504
-0.8184650251401919,-6.977634535237356,7.025472845632155,-173.30987071575728
-2.86161962260902,-4.3191096014584,5.181078518408221,-146.47359525294056
-7.233885767463151,-3.690965136827094,8.121103800468196,-117.0321617261737
-0.8659529324623705,-4.895493742205037,4.971492075947507,-169.9688414341786
5.581941274509521,9.813522837460752,11.289964520468464,29.631260793204234
-1.10935430934566,2.2852250073749474,2.5402598918212314,-25.894088955875624
9.764597871475658,-4.374172884675415,10.699568216365398,114.13058626878778
-8.173987840000514,3.822376210333696,9.02356011238365,-64.93794690378142
4.205913182213399,3.202667716768428,5.286471999391194,52.711893440752604
5.3197842513188185,0.2441065821375367,5.325381911564897,87.37273689301342
-9.294075348475335,-2.686567165625952,9.674579046064816,-106.12259030172615
8.888609409625111,-4.818697565896006,10.110747918351448,118.46302986973657
-1.9000701333196588,-9.543218782577329,9.730533964982092,-168.73957077874687
-0.0287276733553802,-1.5932385023119977,1.593497475512839,-178.96701209960113
0.9423032373016405,-3.5844775907180937,3.706266988411566,165.27109339294734
-2.6202758762328937,1.011261519459941,2.808646565217576,-68.89655126628318
8.34820775240301,9.348006064941082,12.533067863354804,41.766348432038164
-3.7605991590501926,1.7238148865821137,4.136864005288441,-65.37382973275433
4.912386144259974,3.831847767763282,6.230136029464351,52.04441617382647
2.049556255914883,8.22116747604289,8.472796204046528,13.998615455265162
8.687224500918266,6.0960683219162455,10.612724368173582,54.94158756616496
-4.553789350354832,-2.2003011975061533,5.057501636890699,-115.78891725611706
-8.229030488180555,-0.4600702891994483,8.241881305042506,-93.19997264223281
-2.639684535473279,1.1263333432436156,2.869940983177027,-66.89242556426366
-0.5345672316741208,8.944300664057682,8.960260961280225,-3.4202848320176744
-6.136464774212964,6.391270015432276,8.860278344122166,-43.83480513515233
-4.696220183730411,-7.761241319952243,9.071458032786733,-148.82244551675998
5.295643080441844,-4.328695015125687,6.839695619646064,129.26279983558572
6.334267458029036,7.54799303961326,9.853686779875634,40.00333751598823
-5.290385485231461,-2.3159354234409824,5.77509614360631,-113.64202806753005
-6.66535284690112,-3.716850524437241,7.631638513104657,-119.14567538006058
6.854647998207259,-2.552475865771324,7.314460487600699,110.42389892983051
4.086488660475132,2.237156052294864,4.658782756741441,61.301414664376956
-4.069891364177063,0.5262681820197876,4.10377556837718,-82.63209949030201
-8.683376811334796,-3.9748051191501776,9.549874794092815,-114.59588042286687
-1.6410752484834037,5.48134910715282,5.721740644740015,-16.66730988068016
9.41315180269254,7.84016449191569,12.250534932027639,50.20926313145521
-9.985465690555708,1.0901626875123591,10.044798641212742,-83.76941259008247
-7.608655375844602,-1.6198648559819162,7.779177255983712,-102.01869688599197
8.645564331208512,8.342257310100656,12.014118346054058,46.02287193283671
-5.590874048782776,5.3743198788716295,7.755074905491725,-46.13140062134116
-9.320485543471063,-3.248618906194512,9.870409087962743,-109.21580127896252
-5.599802090761596,3.8388792553871305,6.7893134699422735,-55.56786651753154
-2.2965910298056773,7.574124345217555,7.914650336875354,-16.868110810629698
-3.797678273415168,-2.71386591183691,4.66770055335601,-125.55004932950507
7.971944731198967,8.521918571231403,11.66940439491192,43.09022854737463
-1.2467834695750906,4.746068518358825,4.907100508544984,-14.718925233454561
-9.675067569507508,-8.735010462764466,13.034850987224234,-132.07689635047117
-3.6583357957806246,-3.9027305392607214,5.349273451298609,-136.851314780396
-6.7924265269468105,2.797942894450891,7.34612432270098,-67.6122102651544
-9.86950874359695,-6.126963990803775,11.61666434844972,-121.83189704443004
-4.791506141485032,-7.044796223092337,8.519840663344874,-145.778488167221
-2.492646410927546,5.080955003223215,5.659451375768591,-26.131931700778978
1.4753306031428934,1.8487934822689736,2.3652986552759487,38.58974226976742
-5.387964449214408,-2.5988883016680964,5.982004790247631,-115.75036890218925
-0.3775692911512749,-8.120668427874971,8.129441203742472,-177.3379582466896
-6.937594729667209,8.785884529094993,11.194730349217751,-38.29566704123756
6.035665857164862,9.284634764669228,11.074010341906407,33.02670141143792
-3.2967042169141703,7.951918177119417,8.608208953633843,-22.517905886825385
9.767307998373424,-2.510044533054064,10.08467297898172,104.41225007237736
-6.280136571595001,-1.4466958904418004,6.444613592552017,-102.97238458045366
1.9767221437581848,6.7753740944297824,7.057841352219115,16.264657542584672
3.464721388316436,1.3568462093901008,3.7209307887400507,68.61380982268022
-9.01383769865469,7.817164362240774,11.931359047651515,-49.06684919615966
5.741251485458099,0.8110783937239496,5.798259806186737,81.95891981539485
-0.8303247597222061,-3.336283397711382,3.43805557204248,-166.02432178352694
-2.0086701429999776,1.6612463958927002,2.606625276338361,-50.407961215817586
7.66421008039438,-6.645758518164104,10.14427042414434,130.92907913109667
-3.138232113612922,6.9139681620755695,7.592855625198339,-24.413174086397497
-8.44213999828268,7.766711119489354,11.47133511689916,-47.3861560436225
-0.6486605272648518,0.4373117932218235,0.7823056206639464,-56.0130700604833
-9.294070655433035,9.91622760160854,13.59085424817309,-43.14503079170219
-2.3804145696516628,8.243228993402983,8.58004648944803,-16.107242109757884
-3.9359194920425935,-7.10375845276626,8.12125891737783,-151.01084841956902
0.1803764734087742,2.7413827737464835,2.747310536570875,3.7644998396378875
-6.673490926722305,-8.33211442343709,10.67518673908299,-141.3075039396256
-0.059901098235116,-3.132298126157956,3.1328708388158004,-178.90442681944083
1.8343739920007955,3.4115016648205305,3.873405678676349,28.267043855330748
-2.61207133362527,9.104164698428164,9.471469342612712,-16.00868822353942
-6.722894068081167,-4.224846394897266,7.940190911503159,-122.14635245746732
5.025705584106486,-9.616392083235567,10.850470649544876,152.40759359264163
-6.678248926103421,-9.645603805345647,11.731866070182523,-145.3027455520829
3.580029723488323,-5.947708212875106,6.942034702200924,148.955528504576
5.715159574124494,7.148453107730113,9.152236381951854,38.642195504980414
3.806858509789024,3.668674893336947,5.286903364593869,46.05897947710306
-2.9888823620131277,-4.92504995342713,5.761035915328574,-148.74754547258743
-5.976308267245982,-0.1311848611671688,5.977747901421749,-91.25748734391676
-2.971037944365806,-0.8860888125770554,3.1003580197512046,-106.6067995260413
0.4176204024234753,-0.0461845555316955,0.4201664119012915,96.31068521978818
5.044306030602417,7.078067783947908,8.691608992846673,35.47622194575715
-1.6828844211667722,-2.881678359090431,3.3370900707436624,-149.7153050237705
-7.787045354417601,-5.493884390109325,9.529996906801367,-125.2035772998595
-0.8986697521828635,-4.559305587663108,4.647028595262186,-168.84955292432758
8.106691239426812,-4.825042897021636,9.433953667974968,120.76079612172269
-3.229645435275259,-1.0657462892187262,3.4009446909024854,-108.26230272973407
-8.983685037056716,9.668676187812077,13.198101987399589,-42.89680930608213
-4.552849301455701,1.6862461964230526,4.855086301675479,-69.67679993162761
-7.576419524118974,8.416164001964919,11.324042975608196,-41.99425244731265
3.0239825513889684,-1.9638697150366813,3.6057252708357015,123.00096597604417
-6.4858888029980655,8.4969194147765,10.689452423116046,-37.3553044663558
8.142109159836636,-4.913359279997376,9.509734012317693,121.10889933754756
-6.063547085371948,-5.992642341965652,8.525160731343558,-134.66303650658872
3.824137972146616,9.479819197420785,10.222084095026869,21.96903861428454
-2.726652160799912,8.576434919966683,8.999437090308414,-17.636695178270312
-7.042777275891416,-5.170745203149316,8.737122965467762,-126.28578830764454
-7.014263002219085,-6.008818543793957,9.236113130345558,-130.58524816941986
8.717034593435574,5.07990933688953,10.089210621955017,59.76822441832898
6.52609523954299,3.2202327707694565,7.277349666844599,63.73645124425093
2.97635248450036,1.5306977155131722,3.346895517979118,62.78385568024415
8.582811022003163,-8.27215971412799,11.920288225351813,133.9441100721148
0.2727010396230707,2.9368832105717537,2.9495167145737207,5.304924999406564
5.690348143806247,-7.571576706365349,9.471474849150662,143.0736473189456
2.555301480796519,-1.066339042835324,2.7688706383715074,112.65100147234665
4.766528929211795,-0.264096603445946,4.773839654718686,93.17131509438921
8.741668939053515,-5.8371845640112525,10.511398549876425,123.73272381554983
-4.89111226133036,5.376551242603856,7.268444291406604,-42.2931612799738
-2.088551237123766,-9.432153486214588,9.66061932060265,-167.5145153389926
-2.270290559529533,0.7812583682167489,2.4009547814562477,-71.0105002413653
-5.671177119767721,-2.6454742458552065,6.2578577731728675,-115.00797373442742
5.922853078017983,6.264088564694649,8.62084648570692,43.396131964195796
-6.270661563890387,4.1642633304522825,7.527435521756515,-56.41238967843654
9.511666424615925,-6.532973033194596,11.539130592276598,124.48275525153477
-5.398717915918914,-5.342868744555565,7.595551432069473,-134.70210239181762
9.526827954005268,1.1584832787508592,9.597006531849479,83.0667474180061
1.093811518665044,0.6061637165207117,1.250543117845415,61.00584688943794
7.130444394179893,-1.3885482474463124,7.26438596813094,101.01959006009096
5.665979342582592,5.360499633235534,7.799889629250593,46.58692745597876
3.4943104492867363,-2.6550184636192142,4.38854515279875,127.22799982802316
9.117838066162236,-4.606209343420378,10.215289301638514,116.80229251271481
-4.105064987471769,-3.3524548739503945,5.3000483236703,-129.23724264157636
6.9238302888474905,7.133203448019746,9.940926380353227,44.14666837987163
7.449344248416345,0.1836861754565788,7.451608574158169,88.58748501658975
3.4111622789636726,-0.0110297273104276,3.4111801107987803,90.1852607909056
-4.804697943935028,6.468797917004753,8.057944453984435,-36.60310900477797
4.924514722174681,7.636921841345316,9.086991826767113,32.81512851535752
4.291157053966231,2.734014805947769,5.0881102406439425,57.497661198088345
5.8636624697190864,-0.390989616978576,5.8766836259387984,93.81484126793397
-8.822994636380514,9.067422091614894,12.65161561782151,-44.217246277330624
5.187512014686016,0.9127279217212596,5.267195948661999,80.02110819299992
5.017587068064165,-9.122922191408945,10.411718844461106,151.18930335510862
-6.527856239756378,4.014927928268048,7.663716680313348,-58.40659711339869
-5.260738069492521,-3.0163683416673592,6.064144045817265,-119.82882110820864
-2.551089706105772,-1.7878526465538602,3.115200759885063,-125.02350921308486
8.024196842648013,8.51824512360924,11.702488408687058,43.289341450027294
8.439615354998569,-9.880406802044336,12.994212015901988,139.4968122786277
-4.251430842279344,0.1150975510733136,4.252988555468628,-88.4492295097941
4.549802488971855,-8.359567781384188,9.51751418072025,151.44218785117602
-4.120661180193366,6.730370884496615,7.891624725291512,-31.47699999918069
-7.811426261720717,1.8988612843339787,8.038908782878593,-76.33710978723204
-8.477257533428864,-1.7531487136514006,8.656640555103001,-101.6844002572792
-4.793740474951374,-3.2595216579582083,5.79693273894787,-124.2138887888737
8.813732185817504,8.254512080994484,12.07554738877701,46.87655471513905
1.6258163899908489,-7.747711415386192,7.916458242804568,168.14874184641627
4.060371204328916,-4.044716581125174,5.731173225315422,134.88933584091495
-2.4055853570937824,3.613909987519829,4.3413346229195,-33.64956928876407
-5.178124265567233,-3.431069258752368,6.2116992174453936,-123.52879420969762
-0.0192282755204509,7.938910402577186,7.938933688268706,-0.13877179921494653
2.144892903187685,-5.706968746910642,6.096725173760066,159.4018968148666
-0.661311793426167,-4.496390915668693,4.544762321027633,-171.63314304931293
-5.371171516480255,5.345502466531805,7.577854582871488,-45.13723711441441
-2.467353024681289,-4.28548811638305,4.945021672759811,-150.0689824275626
5.148956887906849,7.524460494536033,9.117525035192216,34.38367338539538
-6.441110613033391,-3.610671656765732,7.384094781508617,-119.27353518941989
4.338930618867138,2.4522989137806874,4.983983234108307,60.525513430875485
4.32916271129541,-0.1265883367188376,4.331013090243883,91.6748992381102
5.879863096660397,-6.109144019931938,8.479058361147125,136.09560599193537
8.72814958736165,-6.505366692250294,10.88578848866727,126.69833094114223
-1.4954452532831135,1.3686752147393015,2.0272218302417397,-47.5343384316183
-7.747134445405532,-3.4270601878345763,8.471294685361244,-113.86291553969576
-2.183341771092886,-7.07234584159294,7.4016928464031775,-162.84373956124554
-8.212779397348971,-2.5909612443827506,8.61178411244808,-107.50940269582907
-5.216221057965762,-7.806866601359534,9.389149495933506,-146.25081402843054
-1.92413818751894,2.709403316924048,3.323127156524063,-35.38124449119596
-0.8482437402168141,-6.135904496587965,6.194258747749033,-172.12916612948413
4.596400969742721,5.395346326671602,7.087782718127057,40.428326129477874
-2.810315706738735,-4.112366452185221,4.980906765700488,-145.65201610958843
7.338994539653591,-1.5997912319817846,7.511336288503599,102.29725472805686
-6.044129205561157,3.975974005713516,7.2346297173820115,-56.66211637127644
3.253346568700575,1.3804732946144505,3.534115223534666,67.00731832287532
3.372991212684827,-1.0589765307585814,3.5353219108797633,107.43008197249387
-6.70032308539289,7.783746606657591,10.270396325619691,-40.722182467138694
-7.413693570866644,0.563643431888643,7.435088854951272,-85.65231794650917
-2.5258058264610206,8.123830136411453,8.507426823561362,-17.271157741669082
0.1527198061485268,-2.458426669573212,2.4631656519322607,176.44529945636938
-5.313997104511071,-0.4161567452544688,5.330267503922561,-94.47788327637906
-4.566884809530465,-3.413923277202759,5.701868904679143,-126.77953797691166
-9.66266317809037,-4.433955833687224,10.631416840116488,-114.64921319886554
7.249209228046652,6.470612902364181,9.71698851312682,48.24803672233922
3.3906761575942053,-5.9466422177824185,6.845380812780981,150.30893303359426
-6.99058358701248,-0.2241387598735009,6.994175939357395,-91.83644280650019
4.821039368631714,-3.0037223502927564,5.680208495429118,121.9247453948901
7.857991339757003,9.162960846208309,12.070951883130117,40.61579988124183
6.607818423406656,5.440028763819029,8.559040674508495,50.536345759095056
2.2526976602410738,-9.22568562934404,9.496732179015092,166.27820714728773
1.9428129976973345,7.534705181409159,7.781150590675888,14.458693532447567
-3.717291948899392,3.1692384221728496,4.884908556966947,-49.550203058471254
-5.358187276056288,1.3901596713116715,5.535586219817453,-75.4555256493371
-5.104314537058641,7.081016639746242,8.7289646319361,-35.785755167814976
-7.080902217010174,-9.233318825320904,11.635864932908296,-142.51590934805307
4.8687215699896935,7.174934660242883,8.670878681243185,34.1597815261318
8.323030992890498,-1.3428925389278683,8.430670511870568,99.16548828823599
-1.0214715779094128,-6.644326290271929,6.722386186174927,-171.26000805320837
9.233797186012724,-5.2292165968662445,10.611678316334222,119.52342852302893
9.281284195881655,9.738151313194564,13.45265131204238,43.62395891695892
8.330049062040722,5.609898932788575,10.042941969966167,56.041574784535726
0.5321122401214389,1.4282660743147364,1.524167777879287,20.433290651564825
-2.4032421356055598,2.3389667527885454,3.3535560578287886,-45.776533206201954
0.0810845455058011,-1.4510749418737774,1.4533386358498381,176.80169803314791
9.130023250826085,-1.9155966670832816,9.328817457296797,101.84951155093364
